Wallet,Balance,Type
0xE2442a718c4E00710FcCEb12feB4eC27F25C1cc6,,contract
0x3dD341664b2FFeEDf9bE108d4fa926DeDfa9A0D6,,wallet
0x4fc013feE4b3f0111Cb2BFd771C0E966cDFE2673,,wallet
0xc31bA3E074ef17407F46EdF73FFD9e066A01cb36,,wallet
0x66F813FDBE4eA02fadB3FDC0564FF5a1272bcB89,,wallet
0x0dA1Ff7F0Ff7A3375c3d181baAb97A91C02EbeD7,,wallet
0x381A50F9576239676937288B5E9cb47463F5D619,,wallet
0xF3f1f2217092fdD809B8C16f4f8DEc3C9F0be810,,wallet
0x95CADd6661cf1F32E9945d60aC75A91c49B51Df9,,wallet
0x240D38d48934542ceF407623c246320FC9cc788B,,wallet
0x587ca99b066d1493a80033954a48eA217E118F6f,,wallet
0xF97F7078754af41074807aFD5f031825C587711E,,wallet
0x9673796974844b2A5301Bda455B97724C34aB673,,wallet
0x842F7E667A7Ec826cB2Ef04D6D214634FFd062C1,,wallet
0xEE4A62885e605Ca7f176eD1FC783ad1688976DA9,,wallet
0x3732Dd37F3b62Fb8f481aF6e33EdCef6665cBf3a,,wallet
0x1e04478631258903dd13Ffd3aD88F7adCF9589CF,,wallet
0xB942d47e81883D3f6F167c7754E24a58BC9C5bE2,,wallet
0x45067714a1bef8863E347b8b7213c584686557D6,,wallet
0x541141162800358F8fd37271721BF172A05B3905,,wallet
0x04625B0a76A61C951AE56b1803664647DC5e4cbD,,wallet
0x590CEc519cbdB958983963f3f9a675F6e38c267c,,wallet
0x34ff5940aE25497c5eA6AD89068c4eB0E7F23532,,wallet
0x7E56b06c3323acd255Ab9EE1f13F73254a84B8e6,,wallet
0x760A39ff28b88BB817196604e626eEee4a9c6ee0,,wallet
0x45fCE2b2aB130899A68e0d4fa4e458B738A095Ae,,wallet
0x86Da1A27Ed29eEb850dA69d6dA14833cCf6a30eD,,wallet
0x2c1E587c7cC5Fb110F126928096e2F132Cb4cCc6,,wallet
0x30b559f40cE03dE5a10E60667Be5c8ca518f6D55,,wallet
0x1a2652A85dE859F062971d7155B66984FA4d2Ac6,,wallet
0x4169Ae23A1B313923Dad46D0b44d7cBBD9055075,,wallet
0x22B0c35c707A5a12616a5Eb54b79386658C7f83A,,wallet
0x250F782F513b84e478d01fF7E860847E10cA7c5A,,wallet
0x8DAb4aC9c8231253eECeD3aB79AceF55FEDAc3F7,,wallet
0x1A120d9845cd59924bD47E0D341c933F0028d37d,,wallet
0xA98547475551545EA6A924a9BaB55b9e55757Eb1,,wallet
0xeDa90C508B950ba7b63227B9B4B56Ba5b9df0313,,wallet
0x2926327660C0114EffeAAFbA4fEDe84F5C8Ad78D,,wallet
0xeAF8E977dd49d53F9e5b6a4BA154815caF98E5ee,,wallet
0x7284b6A4233B8B05910F2CbF7dBf6715325F6fCb,,wallet
0x6140e2910175948EcfeB0D8C8FD36a9673705b16,,wallet
0xBD51202fbf24Fb8C655E675562158D3bf7AF2845,,wallet
0xa6275A41476C01aF4aD9B75326e6dF59d0296e43,,wallet
0x8A87f4124Abcb57eEde0ccabca6cC817a96F8C12,,wallet
0x3A4cBd65A349f547bEfd221e24C77AD7e42a92ac,,wallet
0x1457B7Cdb1D0C0664b032A76A3DdB8d6124a7415,,wallet
0x44ca7949980F58a8f34D1cDe1959bE0974C8aCfA,,wallet
0xD5c544e7FD5e2B6b87Feb962cc1E61A6F85db070,,wallet
0xc9009982620cCF9F755EdDE6F899169e6f973748,,wallet
0xA712948ca463DB5Fc0d14921610ea6E59CD78AD9,,wallet
0xCcCC92fD72c9752255E3100b73E6F98219dbe508,,wallet
0x484eC62385e780f2460fEaC34864A77bA5A18134,,wallet
0xF3803D581c9cD29c50977f6c1b080AA5b29Cfdf3,,wallet
0xeB8cF1c4A17b1F5b3f1766E8AC5342fBCaE45FDe,,wallet
0xf22A7dE1A3D351CCc892916f7d967232Cf7BA8b2,,wallet
0x6E2Cb2CDB81Ed99dA4727542417e2d4780D3AfE6,,wallet
0xc2F199116B916FC39344d532Bab678069Aa2353e,,wallet
0xd42D07891dF502613b570D55C2C228e42968Afeb,,wallet
0x4595F7C371a0e63E0D398316851cfB1d7c540878,,wallet
0x5BadF7D04F83b436534bec97de5c9316feE258E1,,wallet
0x58500413df4C011060b549531e7595a164aF6Eab,,wallet
0xe2AFF9Dc171f7Cc21bE0c8A608abA04516dAc721,,wallet
0xDb6A3aF1B038Dfa3d3C4064f3E551Bcc6a22161B,,wallet
0xc94eed59bd679DedB83151997Ef597d2Ff46B396,,wallet
0x4fEf654560d6ad788F4b35A5CD02ed185C12Fbbf,,wallet
0xA3e367E00592946ACFe91B1AcAB9030c887e0Ff2,,wallet
0x195FCB8f5A2D41139fe65BD0F1139f0467cbf42D,,wallet
0x2FfBfE97126261b600AE6771f13556CC6104C1dd,,wallet
0x77812a409F5b32500E813E3c9cB359810fC002C4,,wallet
0xDC2a28DE0A31FE0a58F8E4EFF35d9205Dde931B5,,wallet
0x04639ddE98f7A4a0BAaE251B72d185d135054d82,,wallet
0x3C25346BAE6342F946b8656effd98f006A13Aa37,,wallet
0x90FC34c75B578a5555B9a02Fc49969197d3B3db8,,wallet
0x07eFB5c2a1Ff7Cc8BFAAeB8a138935Bc55fA93eE,,wallet
0x8ef61a090a0a2A8d8953744C9D6741E0D9E5FDb8,,wallet
0x90F99593761048F38E1B05fFC9807C50260ff578,,wallet
0x5558AED91F04C83bb9dd7201181634997D96a912,,wallet
0xF15d4581CEe0d2117cADb1D9aFd577c8cAC8d6Fb,,wallet
0xd9166AB695BA4D00b016D012009BEFDd4201388B,,wallet
0x18476716c677F0D517D7e5CA155b1B700AB2aA56,,wallet
0xd4C4A6D907cd164e20fBC5C651e13F9723305E5b,,wallet
0x652D987EC5E7920A635Efd5EC58Be61e0600D6D6,,wallet
0xFD17886C3e5650bEfA366AED6Ed7f256C5d73b03,,wallet
0x436a4d92055b418cC4c2141aD40fEd34e04aaeEA,,wallet
0x8978d4987601bA80e442037D47DAa190A6aD3A67,,wallet
0x8B57985378c3AfcC360Fc90f00227C99AeA2A5A0,,wallet
0x27B8bec502b9a871d3A617c8EF4F2EC238980103,,wallet
0x79C7ADe5B44CA217380C75e9Bd2E8FbEa3e83157,,wallet
0x7DF79deB1C21ad3D969dD28530e5e69763E2af22,,wallet
0xf6A7bb6BF45503e2C976a4D15B3D0a28d350d6A4,,wallet
0x3535390e5CFd62a9235665C258Ec300bd7B121F9,,wallet
0xcB557115712fEaE30Cd440bFC0F68285EB6E49f1,,wallet
0xfEa06b295e831FDB10E4666841061E6594372a4e,,wallet
0x1b4A2AbC66614Ab83C9e63204797c552D573D266,,wallet
0x0ea6dA532c6c51317cc5a02Fc747466dd9adE57e,,wallet
0xD75Df76De50eDdcC9455452fC26d5036328DE742,,wallet
0x8929a1999CF9717991827319fCf69866Fbb0af9B,,wallet
0x6b47040996872bF3CEC9ef2336881746dc06f3C8,,wallet
0xE31690C66384c6c119D9Fb1b1bf2E74CC838d84E,,wallet
0x0D5218AD9E7C278e0ac1D12830cce50794c03BAf,,wallet
0x0FbF49D3AdE43B624DD96a73F384FE3C37658E97,,wallet
0x6a22A49bdc8118c489243e3D427180De3DFa7425,,wallet
0x6Ee3FF10F276fbC8b97024baC35FA61242E0B166,,wallet
0x28362CB5C23aA644702C9734510cCfbf67A7b215,,wallet
0x7a055b989dAFCB5fe49Bd0832F538Bf14adFAE26,,wallet
0x311E19313B2F9227071b9C0ea628ff1D7C37e33B,,wallet
0x43D52913F6685d7D4468Aa2604A5ec69AB8Ea085,,wallet
0x421F1313Eb285D84eF552393C3e85A37Ed7b95c3,,wallet
0xD39b2277A40C55D15fEE59616b11686C9200E935,,wallet
0x662b5ADf004eE5c7eFfc6A30B8e859e6A3926541,,wallet
0xEE3Dbea3d1E870A61721F7c564D41315505dFE53,,wallet
0x2aA48F410007b7380d2846D03142FebbBEDEb3d3,,wallet
0xE323f9177352d7966962B3069ecb8A6b7A8269a2,,wallet
0x6bd38591B2b2BDf02D3526c0607F069D535B154a,,wallet
0x624E280Df19C74dC32C0bb21505Aa1323F00b550,,wallet
0xD6a7A494389De263bbbdb60db5B7E8BA256A9d8E,,wallet
0x4b11141d32C5a08815cDd65a52B1eE0B46575Af1,,wallet
0x4e47d800e09e8df81357a2d467fF3bfd3fe25C54,,wallet
0x57Ce74d8D61F5BC4BcE587cD1DeC4201C90c0C7e,,wallet
0xe5DB4e4db046E414E06Bde39303BD4741bd29D33,,wallet
0x47abD342C066d3E08Ba51E8eE0f7Cb5fF51aed86,,wallet
0x1c76278205F73507cb97C0f9745A39a07bf7618B,,wallet
0x098bf94CC8467914c3e87364E91C4Fc2eBfA6108,,wallet
0x8d66809131CCeb77a10F6f34b1666C2F781A155c,,wallet
0x5eCa2041FC3EcB27EdE6dF1fC17Db22EF1D5F52D,,wallet
0xAa8e362C27cD80376F5195A7aD4A0e5F6dD57F9E,,wallet
0x05c9B125bCF0b3629cD635207A4995897986B803,,wallet
0xa7aCd2D600e33436424850BfA701c6b8E42994b5,,wallet
0xa19de6DeC591D1793B438eCA85fBD01A759421ea,,wallet
0x06A753e99110140633bd52028545c8b6b255B79c,,wallet
0x8191D267dFA2937Ad09dd791d650a024b1FbeE78,,wallet
0xb5366c654a620Bcba5aAD43333c08c36e4eDc4c6,,wallet
0x16dB3107de6c9e6e8bEFe571963b9505d3471d70,,wallet
0x78b34f1bFEbbb8Bb14e67476a40f08beB43935D7,,wallet
0x2057c3C2e4dc34195F0de3439dF647a5e26958Ad,,wallet
0x483bf2C6D96eb62868B4066b7d47D74d2B6A5dc0,,wallet
0x06E2CA0Bc793882AfD586f73Fe5e7D2126837e6c,,wallet
0xEf554104fC46e7D8d75BC7029F919823CE17B18a,,wallet
0xd648842fe97e9d94074CbC08DBf55DAAE0D56Ad9,,wallet
0xEaB881ef1d3b212aB369a842e7f84E1589ab8690,,wallet
0x52769D56b65D9F3E8785236a778d693cbb2DC06C,,wallet
0x691bfADa28DB4368d6701af125Fd8F23f051Bb05,,wallet
0x4e5579a0A2DC0636Af25dd589740b08f1dEE0757,,wallet
0xD0887796825f8Fd9da024322640f463fC5Df4aAe,,wallet
0xa838876C6Db52e5F65a882c5cFCafAA43cf8143d,,wallet
0x9932a28267A593078aB44297dC18b47209D3a420,,wallet
0x1498dCf9D0526C89A3C902313381B6C12eF33d1a,,wallet
0xbF53Cfb7C5c3852078cf2cF5fdAC8ACF00aD6285,,wallet
0x1026FcB6B7194FF91cB6B5D2FC31EFB02d2844A4,,wallet
0xF34ddc60c12266AA9Ce4D361Bc8F0d20Db004A28,,wallet
0x6e550eD6A93fa65C9DE5A29Af1149EAb890F876e,,wallet
0x62527e8da6355f70D6Aa14904aCB45CdA4F5a8e1,,wallet
0xCf23Bb7949D960C17517355449AaF4332412D806,,wallet
0xB9929435dAD8D6fFBAF1Ff3a62A925e7857b5381,,wallet
0x98b12051b0b6BA55Eb00A7eF2df89C6D4cbCB057,,wallet
0xe07E487d5A5E1098BBb4d259DaC5EF83Ae273f4e,,wallet
0xc025F01A560665d368B91e3Fb7f7B26B74024271,,wallet
0xF11C333Ab9eB58Da34a82dA8e23b166a8E928ab2,,wallet
0xc32eF4bf6e553EDEf96927373C0Deb7AB21B808B,,wallet
0xa473C6b405F7230fbA6B69739eEeddF3496F2F66,,wallet
0xb20B39664d1eBbC72B3c5e90E1C485bd5547A123,,wallet
0x570D4E04d37e6C1Cf0dcfFA0dFD7E2B71EFff151,,wallet
0x8A9ED1A66C5bCE8f84A71CAAa9619fE55D3e777a,,wallet
0x9b5c31DC2DDbB68d27ACa2f1aD8719fb489bA400,,wallet
0xBacDeE2c1165210111854c1a07F339b14d9010e1,,wallet
0xDbcF0D3aeE2fDE933f4033CD5C360A0ba025f200,,wallet
0x2f34cc1535C9104bD9D1BaB5241E8AA764cA1319,,wallet
0xE150ad05A5114D59A21Fa12188e3Ca994b3Cb865,,wallet
0xF5C00943e746663c8038698D80b62fAC331f2e3c,,wallet
0x06d085a6faBa7763A60f80E9d0A13c17f23B9264,,wallet
0xA836cc0DF5DE7f8d7e0C9293B05DC5B3269CBa41,,wallet
0x457D9e4a6e91b58E52bEeA413406359ec5AF623E,,wallet
0x963266D6c7cc2870489296F16707663cAcb74852,,wallet
0x95ba7AB2Ea63A7361B0E34fEB64Da815C0573D5A,,wallet
0xd1863b8a7C3d827aB2d86B15E299A713a4A10e76,,wallet
0xBBe609D3f517777D49f0f3294026598C1E488409,,wallet
0x00046b0B9F1C05468A48DA38e48273d324100793,,wallet
0xA74dB5113A3CC58998CB5efb6987a43261575D3C,,wallet
0x9b12626fc2d80703050c6122B166806C74bA7174,,wallet
0x0A4Ad7fac460AA5823b0570D36F7004EF5aa4BD0,,wallet
0xC7f6D227Ce48080AdcC9C8fC1997AF34A58DfE8b,,wallet
0x553E7305065b1569355ac315560DDc5B6eE38EE1,,wallet
